{"accuracy": 0.9253534391534392, "correct_daignosis_rate": 0.9816257794945847, "true_positive_rate": [0.9675, 0.9738, 0.9355225, 0.9642625, 0.9584175, 0.973095, 0.967865, 0.969135, 0.7890575, 0.965135, 0.978795, 0.95257, 0.9418075, 0.9779525, 0.17118, 0.9751925, 0.960815, 0.93571, 0.9716775, 0.9482225], "false_positive_rate": [0.0, 0.0, 0.0, 0.0, 0.0, 0.0, 0.0, 0.0, 0.004427586206896552, 0.0, 0.0, 6.896551724137931e-07, 5.103448275862069e-05, 0.0, 0.006894482758620689, 0.0, 6.896551724137931e-07, 1.3793103448275862e-06, 0.0, 0.0]}